-- phpMyAdmin SQL Dump
-- version 4.0.10deb1
-- http://www.phpmyadmin.net
--
-- Client: localhost
-- Généré le: Jeu 05 Avril 2018 à 17:43
-- Version du serveur: 5.5.43-0ubuntu0.14.04.1
-- Version de PHP: 5.5.9-1ubuntu4.9

SET SQL_MODE = "NO_AUTO_VALUE_ON_ZERO";
SET time_zone = "+00:00";


/*!40101 SET @OLD_CHARACTER_SET_CLIENT=@@CHARACTER_SET_CLIENT */;
/*!40101 SET @OLD_CHARACTER_SET_RESULTS=@@CHARACTER_SET_RESULTS */;
/*!40101 SET @OLD_COLLATION_CONNECTION=@@COLLATION_CONNECTION */;
/*!40101 SET NAMES utf8 */;

CREATE USER IF NOT EXISTS 'mlopes_festival'@'localhost' IDENTIFIED BY 'mlopes';
GRANT ALL PRIVILEGES ON mlopes_festival2.*TO 'mlopes_festival'@'localhost';

--
-- Database: `mlopes_festival2`
--
CREATE DATABASE IF NOT EXISTS `mlopes_festival2` DEFAULT CHARACTER SET utf8 COLLATE utf8_bin;
USE `mlopes_festival2`;

--
-- Structure de la table `Attribution`
--

CREATE TABLE IF NOT EXISTS `Attribution` (
  `idEtab` char(8) COLLATE utf8_bin NOT NULL,
  `idTypeChambre` char(2) COLLATE utf8_bin NOT NULL,
  `idGroupe` char(4) COLLATE utf8_bin NOT NULL,
  `nombreChambres` int(11) NOT NULL,
  PRIMARY KEY (`idEtab`,`idTypeChambre`,`idGroupe`),
  KEY `idTypeChambre` (`idTypeChambre`),
  KEY `idGroupe` (`idGroupe`)
) ENGINE=InnoDB DEFAULT CHARSET=utf8 COLLATE=utf8_bin;

--
-- Contenu de la table `Attribution`
--

INSERT INTO `Attribution` (`idEtab`, `idTypeChambre`, `idGroupe`, `nombreChambres`) VALUES
('0350773A', 'C2', 'g004', 2),
('0350773A', 'C3', 'g005', 1),
('0350785N', 'C1', 'g001', 1),
('0350785N', 'C1', 'g002', 2),
('0350785N', 'C1', 'g003', 2),
('0350785N', 'C2', 'g001', 2),
('0350785N', 'C2', 'g002', 1),
('0350785N', 'C3', 'g001', 2),
('0350785N', 'C3', 'g002', 1),
('0352072M', 'C1', 'g006', 1),
('0352072M', 'C2', 'g007', 3),
('0352072M', 'C3', 'g006', 3);

-- --------------------------------------------------------

--
-- Structure de la table `Etablissement`
--

CREATE TABLE IF NOT EXISTS `Etablissement` (
  `id` char(8) COLLATE utf8_bin NOT NULL,
  `nom` varchar(45) COLLATE utf8_bin NOT NULL,
  `adresseRue` varchar(45) COLLATE utf8_bin NOT NULL,
  `codePostal` char(5) COLLATE utf8_bin NOT NULL,
  `ville` varchar(35) COLLATE utf8_bin NOT NULL,
  `tel` varchar(13) COLLATE utf8_bin NOT NULL,
  `adresseElectronique` varchar(70) COLLATE utf8_bin DEFAULT NULL,
  `type` tinyint(4) NOT NULL,
  `civiliteResponsable` varchar(12) COLLATE utf8_bin NOT NULL,
  `nomResponsable` varchar(25) COLLATE utf8_bin NOT NULL,
  `prenomResponsable` varchar(25) COLLATE utf8_bin DEFAULT NULL,
  PRIMARY KEY (`id`)
) ENGINE=InnoDB DEFAULT CHARSET=utf8 COLLATE=utf8_bin;

--
-- Contenu de la table `Etablissement`
--

INSERT INTO `Etablissement` (`id`, `nom`, `adresseRue`, `codePostal`, `ville`, `tel`, `adresseElectronique`, `type`, `civiliteResponsable`, `nomResponsable`, `prenomResponsable`) VALUES
('0350773A', 'Collège Ste Jeanne d''Arc-Choisy', '3, avenue de la Borderie BP 32', '35404', 'Paramé', '0299560159', NULL, 1, 'Madame', 'LEFORT', 'Anne'),
('0350785N', 'Collège de Moka', '2 avenue Aristide Briand BP 6', '35401', 'Saint-Malo', '0299206990', NULL, 1, 'Monsieur', 'DUPONT', 'Alain'),
('0352072M', 'Institution Saint-Malo Providence', '2 rue du collège BP 31863', '35418', 'Saint-Malo', '0299407474', NULL, 1, 'Monsieur', 'DURAND', 'Pierre');

-- --------------------------------------------------------

--
-- Structure de la table `Groupe`
--

CREATE TABLE IF NOT EXISTS `Groupe` (
  `id` char(4) COLLATE utf8_bin NOT NULL,
  `nom` varchar(40) COLLATE utf8_bin NOT NULL,
  `identiteResponsable` varchar(40) COLLATE utf8_bin DEFAULT NULL,
  `adressePostale` varchar(120) COLLATE utf8_bin DEFAULT NULL,
  `nombrePersonnes` int(11) NOT NULL,
  `nomPays` varchar(40) COLLATE utf8_bin NOT NULL,
  `hebergement` char(1) COLLATE utf8_bin NOT NULL,
  PRIMARY KEY (`id`)
) ENGINE=InnoDB DEFAULT CHARSET=utf8 COLLATE=utf8_bin;

--
-- Contenu de la table `Groupe`
--

INSERT INTO `Groupe` (`id`, `nom`, `identiteResponsable`, `adressePostale`, `nombrePersonnes`, `nomPays`, `hebergement`) VALUES
('g001', 'Groupe folklorique du Bachkortostan', NULL, NULL, 40, 'Bachkirie', 'O'),
('g002', 'Marina Prudencio Chavez', NULL, NULL, 25, 'Bolivie', 'O'),
('g003', 'Nangola Bahia de Salvador', NULL, NULL, 34, 'Brésil', 'O'),
('g004', 'Bizone de Kawarma', NULL, NULL, 38, 'Bulgarie', 'O'),
('g005', 'Groupe folklorique camerounais', NULL, NULL, 22, 'Cameroun', 'O'),
('g006', 'Syoung Yaru Mask Dance Group', NULL, NULL, 29, 'Corée du Sud', 'O'),
('g007', 'Pipe Band', NULL, NULL, 19, 'Ecosse', 'O'),
('g008', 'Aira da Pedra', NULL, NULL, 5, 'Espagne', 'O'),
('g009', 'The Jersey Caledonian Pipe Band', NULL, NULL, 21, 'Jersey', 'O'),
('g010', 'Groupe folklorique des Émirats', NULL, NULL, 30, 'Emirats arabes unis', 'O'),
('g011', 'Groupe folklorique mexicain', NULL, NULL, 38, 'Mexique', 'O'),
('g012', 'Groupe folklorique de Panama', NULL, NULL, 22, 'Panama', 'O'),
('g013', 'Groupe folklorique papou', NULL, NULL, 13, 'Papouasie', 'O'),
('g014', 'Paraguay Ete', NULL, NULL, 26, 'Paraguay', 'O'),
('g015', 'La Tuque Bleue', NULL, NULL, 8, 'Québec', 'O'),
('g016', 'Ensemble Leissen de Oufa', NULL, NULL, 40, 'République de Bachkirie', 'O'),
('g017', 'Groupe folklorique turc', NULL, NULL, 40, 'Turquie', 'O'),
('g018', 'Groupe folklorique russe', NULL, NULL, 43, 'Russie', 'O'),
('g019', 'Ruhunu Ballet du village de Kosgoda', NULL, NULL, 27, 'Sri Lanka', 'O'),
('g020', 'L''Alen', NULL, NULL, 34, 'France - Provence', 'O'),
('g021', 'L''escolo Di Tourre', NULL, NULL, 40, 'France - Provence', 'O'),
('g022', 'Deloubes Kévin', NULL, NULL, 1, 'France - Bretagne', 'O'),
('g023', 'Daonie See', NULL, NULL, 5, 'France - Bretagne', 'O'),
('g024', 'Boxty', NULL, NULL, 5, 'France - Bretagne', 'O'),
('g025', 'Soeurs Chauvel', NULL, NULL, 2, 'France - Bretagne', 'O'),
('g026', 'Cercle Gwik Alet', NULL, NULL, 0, 'France - Bretagne', 'N'),
('g027', 'Bagad Quic En Groigne', NULL, NULL, 0, 'France - Bretagne', 'N'),
('g028', 'Penn Treuz', NULL, NULL, 0, 'France - Bretagne', 'N'),
('g029', 'Savidan Launay', NULL, NULL, 0, 'France - Bretagne', 'N'),
('g030', 'Cercle Boked Er Lann', NULL, NULL, 0, 'France - Bretagne', 'N'),
('g031', 'Bagad Montfortais', NULL, NULL, 0, 'France - Bretagne', 'N'),
('g032', 'Vent de Noroise', NULL, NULL, 0, 'France - Bretagne', 'N'),
('g033', 'Cercle Strollad', NULL, NULL, 0, 'France - Bretagne', 'N'),
('g034', 'Bagad An Hanternoz', NULL, NULL, 0, 'France - Bretagne', 'N'),
('g035', 'Cercle Ar Vro Melenig', NULL, NULL, 0, 'France - Bretagne', 'N'),
('g036', 'Cercle An Abadenn Nevez', NULL, NULL, 0, 'France - Bretagne', 'N'),
('g037', 'Kerc''h Keltiek Roazhon', NULL, NULL, 0, 'France - Bretagne', 'N'),
('g038', 'Bagad Plougastel', NULL, NULL, 0, 'France - Bretagne', 'N'),
('g039', 'Bagad Nozeganed Bro Porh-Loeiz', NULL, NULL, 0, 'France - Bretagne', 'N'),
('g040', 'Bagad Nozeganed Bro Porh-Loeiz', NULL, NULL, 0, 'France - Bretagne', 'N'),
('g041', 'Jackie Molard Quartet', NULL, NULL, 0, 'France - Bretagne', 'N'),
('g042', 'Deomp', NULL, NULL, 0, 'France - Bretagne', 'N'),
('g043', 'Cercle Olivier de Clisson', NULL, NULL, 0, 'France - Bretagne', 'N'),
('g044', 'Kan Tri', NULL, NULL, 0, 'France - Bretagne', 'N');

-- --------------------------------------------------------

--
-- Structure de la table `Lieu`
--

CREATE TABLE IF NOT EXISTS `Lieu` (
  `id` int(11) NOT NULL,
  `nomLieu` varchar(45) COLLATE utf8_bin NOT NULL,
  `adresseLieu` varchar(128) COLLATE utf8_bin NOT NULL,
  `capaciteAccueil` int(11) NOT NULL,
  PRIMARY KEY (`id`)
) ENGINE=InnoDB DEFAULT CHARSET=utf8 COLLATE=utf8_bin;

--
-- Contenu de la table `Lieu`
--

INSERT INTO `Lieu` (`id`, `nomLieu`, `adresseLieu`, `capaciteAccueil`) VALUES
(1, 'SALLE DU PANIER FLEURI', 'Rue de Bonneville', 450),
(2, 'LE CABARET', 'MAIRIE ANNEXE DE PANAME, Place Georges COUDRAY', 250),
(3, 'LE PARC DES CHENES', '14 rue des chênes', 2000),
(4, 'LE VILLAGE', 'Ecole LEGATELOIS, 25 rue Général de Castelnau', 500);

-- --------------------------------------------------------

--
-- Structure de la table `Offre`
--

CREATE TABLE IF NOT EXISTS `Offre` (
  `idEtab` char(8) COLLATE utf8_bin NOT NULL,
  `idTypeChambre` char(2) COLLATE utf8_bin NOT NULL,
  `nombreChambres` int(11) NOT NULL,
  PRIMARY KEY (`idEtab`,`idTypeChambre`),
  KEY `idTypeChambre` (`idTypeChambre`)
) ENGINE=InnoDB DEFAULT CHARSET=utf8 COLLATE=utf8_bin;

--
-- Contenu de la table `Offre`
--

INSERT INTO `Offre` (`idEtab`, `idTypeChambre`, `nombreChambres`) VALUES
('0350773A', 'C2', 15),
('0350773A', 'C3', 1),
('0350785N', 'C1', 5),
('0350785N', 'C2', 10),
('0350785N', 'C3', 5),
('0352072M', 'C1', 5),
('0352072M', 'C2', 10),
('0352072M', 'C3', 3);

-- --------------------------------------------------------

--
-- Structure de la table `Representation`
--

CREATE TABLE IF NOT EXISTS `Representation` (
  `id` int(11) NOT NULL,
  `idLieu` int(11) NOT NULL,
  `idGroupe` char(4) COLLATE utf8_bin NOT NULL,
  `dateRep` date NOT NULL,
  `heureDebut` time NOT NULL,
  `heureFin` time NOT NULL,
  `nbPlacesVendues` int(11) NOT NULL DEFAULT '0',
  PRIMARY KEY (`id`),
  KEY `idLieu` (`idLieu`),
  KEY `idGroupe` (`idGroupe`)
) ENGINE=InnoDB DEFAULT CHARSET=utf8 COLLATE=utf8_bin;

--
-- Contenu de la table `Representation`
--

INSERT INTO `Representation` (`id`, `idLieu`, `idGroupe`, `dateRep`, `heureDebut`, `heureFin`, `nbPlacesVendues`) VALUES
(3, 2, 'g024', '2017-07-11', '19:00:00', '20:00:00', 0),
(8, 1, 'g008', '2017-07-12', '20:30:00', '22:00:00', 0),
(9, 1, 'g009', '2017-07-12', '22:15:00', '23:30:00', 330),
(13, 1, 'g020', '2017-07-14', '19:30:00', '21:00:00', 0),
(14, 1, 'g022', '2017-07-14', '21:15:00', '23:00:00', 25),
(15, 3, 'g010', '2017-07-14', '14:00:00', '14:30:00', 0),
(16, 3, 'g011', '2017-07-14', '14:30:00', '15:00:00', 0),
(17, 3, 'g012', '2017-07-14', '15:00:00', '15:30:00', 0),
(18, 3, 'g013', '2017-07-14', '15:30:00', '16:00:00', 0),
(19, 3, 'g017', '2017-07-14', '16:00:00', '16:30:00', 0),
(20, 3, 'g018', '2017-07-14', '16:30:00', '17:00:00', 0),
(25, 4, 'g025', '2017-07-15', '15:00:00', '16:00:00', 0);

-- --------------------------------------------------------

--
-- Structure de la table `TypeChambre`
--

CREATE TABLE IF NOT EXISTS `TypeChambre` (
  `id` char(2) COLLATE utf8_bin NOT NULL,
  `libelle` varchar(15) COLLATE utf8_bin NOT NULL,
  PRIMARY KEY (`id`)
) ENGINE=InnoDB DEFAULT CHARSET=utf8 COLLATE=utf8_bin;

--
-- Contenu de la table `TypeChambre`
--

INSERT INTO `TypeChambre` (`id`, `libelle`) VALUES
('C1', '1 lit'),
('C2', '2 à 3 lits'),
('C3', '4 à 5 lits'),
('C4', '6 à 8 lits'),
('C5', '8 à 12 lits');

-- --------------------------------------------------------

--
-- Structure de la table `Utilisateur`
--

CREATE TABLE IF NOT EXISTS `Utilisateur` (
  `id` int(11) NOT NULL,
  `login` varchar(45) COLLATE utf8_bin NOT NULL,
  `password` varchar(45) COLLATE utf8_bin NOT NULL,
  `nom` varchar(45) COLLATE utf8_bin NOT NULL,
  `prenom` varchar(45) COLLATE utf8_bin NOT NULL
) ENGINE=InnoDB DEFAULT CHARSET=utf8 COLLATE=utf8_bin;

--
-- Contenu de la table `Utilisateur`
--

INSERT INTO `Utilisateur` (`id`, `login`, `password`, `nom`, `prenom`) VALUES
(1, '2d15fa8b5394c2f25a7a8ecd62c9ae2f', '017fe3a523712ceba7cde169653316e9', 'joliverie', 'btssio');

--
-- Contraintes pour les tables exportées
--

--
-- Contraintes pour la table `Attribution`
--
ALTER TABLE `Attribution`
  ADD CONSTRAINT `fk1_Attribution` FOREIGN KEY (`idGroupe`) REFERENCES `Groupe` (`id`),
  ADD CONSTRAINT `fk2_Attribution` FOREIGN KEY (`idEtab`, `idTypeChambre`) REFERENCES `Offre` (`idEtab`, `idTypeChambre`);

--
-- Contraintes pour la table `Offre`
--
ALTER TABLE `Offre`
  ADD CONSTRAINT `fk1_Offre` FOREIGN KEY (`idEtab`) REFERENCES `Etablissement` (`id`) ON DELETE CASCADE ON UPDATE CASCADE,
  ADD CONSTRAINT `fk2_Offre` FOREIGN KEY (`idTypeChambre`) REFERENCES `TypeChambre` (`id`) ON DELETE CASCADE ON UPDATE CASCADE;

--
-- Contraintes pour la table `Representation`
--
ALTER TABLE `Representation`
  ADD CONSTRAINT `fk_presentation_groupe` FOREIGN KEY (`idGroupe`) REFERENCES `Groupe` (`id`),
  ADD CONSTRAINT `fk_presentation_lieu` FOREIGN KEY (`idLieu`) REFERENCES `Lieu` (`id`);

/*!40101 SET CHARACTER_SET_CLIENT=@OLD_CHARACTER_SET_CLIENT */;
/*!40101 SET CHARACTER_SET_RESULTS=@OLD_CHARACTER_SET_RESULTS */;
/*!40101 SET COLLATION_CONNECTION=@OLD_COLLATION_CONNECTION */;